[
  {
    "id": "builtin_text-pSsHWg",
    "formData": {
      "text": "👋, {{state.$r}}!",
      "variations": ["Hello, {{state.$r}}!", "Welcome to Botpress, {{state.$r}}!"],
      "typing": true
    },
    "createdBy": "admin",
    "createdOn": "2018-05-14T00:57:36.026Z"
  },
  {
    "id": "builtin_text-AY5SSW",
    "formData": {
      "text": "This is the first time we speak 🤖",
      "typing": true
    },
    "createdBy": "admin",
    "createdOn": "2018-05-14T00:59:51.118Z"
  },
  {
    "id": "builtin_text-bFsOmf",
    "formData": {
      "text": "We already spoke {{state.$r}} times!",
      "typing": true
    },
    "createdBy": "admin",
    "createdOn": "2018-05-14T01:00:37.593Z"
  },
  {
    "id": "builtin_text-TtzrCV",
    "formData": {
      "text": "Alright, I have forgotten your name.",
      "typing": true
    },
    "createdBy": "admin",
    "createdOn": "2018-05-14T01:06:41.963Z"
  },
  {
    "id": "builtin_text-z0J9qh",
    "formData": {
      "text": "May I know your name please?",
      "typing": true
    },
    "createdBy": "admin",
    "createdOn": "2018-05-14T01:08:41.241Z"
  },
  {
    "id": "builtin_text-X069Le",
    "formData": {
      "text": "Try saying something like \"forget my name\"!",
      "typing": true
    },
    "createdBy": "admin",
    "createdOn": "2018-05-14T01:16:53.227Z"
  },
  {
    "id": "builtin_text-kKQ8C3",
    "formData": {
      "text": "(To see how this works, double-click anywhere on the flow and go to the \"Transitions\" panel)",
      "typing": true
    },
    "createdBy": "admin",
    "createdOn": "2018-05-14T01:17:55.317Z"
  }
]
